path,bytes,mtime_ns,kind,sha256
logs/evaluation_w8a8_ptq.csv,141,1779610305113100700,.csv,15f536aa5a77a22434dbc7470b5ad42924ca069baa2bf563a3ecb450e833c49c
logs/final_score_report.txt,459,1779610305112101300,.txt,4361f07cedf1d27ebfaac0280dea4023f474606fcfc2e79386024b1d85fc8530
logs/train_v4.log,10111070,1780735004175528400,.log,529058a534ff1b59ef266c55fccb5f4be182b43c4952600525d24e7bc4c25bd7
logs/training_log_1bit.csv,1029,1779610305115101200,.csv,fb50c2be0db4abdb7f9abfb42106caa9663e4df490022666776d86ed83aaf3b4
logs/training_log_mm_1bit.csv,564,1779610305116101600,.csv,0013308050f24cdcac1d4350cfb84846922caf69a372bbd91559b79e9f7245d1
logs/training_log_mm_1bit_custom.csv,564,1779610305117108500,.csv,a8d8a9390ae6bb6a34159055f308da4cb33e4bc72a45f18e62fdc53ed9e87756
logs/training_log_mm_fp16.csv,564,1779610305118108600,.csv,3c8735dd0b8c703c7a9b7616290d4d9c985176e032694cd2640ad530c8e9fcc7
logs/training_log_mm_w4a16.csv,564,1779610305118608200,.csv,3ff91769c98d87d364ee78b370d0ff909e38bf2d584405d0231735c07738f9e4
logs/training_log_mm_w8a8.csv,564,1779610305119613800,.csv,fbea206e3ca71e5c0150c0c2d1d05f48c7d451ea5a258f34b4e8dd7abeea836b
logs/training_log_w4a16.csv,875,1779610305119613800,.csv,3d5d16dc36040ab19b26a6c4d4baecf0bc03f0a086a55f195fd6759e46794d5a
runs/detect/edge_sign_v2_v2split/args.yaml,1771,1779984920612931700,.yaml,c1faabe64384ce2f13485dc347d7be34286746a2927d8e141726f3498f7d7ceb
runs/detect/edge_sign_v2_v2split/BoxF1_curve.png,137372,1780032108554994000,.png,6bb4e821a36d5a5895d061b3be2028052f70de7e52cab54147e4fe5dd6a68116
runs/detect/edge_sign_v2_v2split/BoxP_curve.png,141584,1780032108667807200,.png,e0da18db5513e51d33ce48f6bb0574ac553f6e07bbddfe4188095e47d8e39863
runs/detect/edge_sign_v2_v2split/BoxPR_curve.png,149040,1780032108434449100,.png,3fe7379b6a51c9b9f4246ce63836c3a72252c4499ff06f2740c5c3e8a8e7b03b
runs/detect/edge_sign_v2_v2split/BoxR_curve.png,147558,1780032108762549300,.png,13c64499c710eb35d20f560a8908a8739268a9b8fbfec982a6e8942ca6713971
runs/detect/edge_sign_v2_v2split/confusion_matrix.png,119507,1780032109078650700,.png,6bea4eb6070b7f749f09804a188cdd45ab811fa9c7a95be0e82488f0852cf6ba
runs/detect/edge_sign_v2_v2split/confusion_matrix_normalized.png,122844,1780032108931862700,.png,d81404df47e0ecca2588891e52774cba13da6d9a67f49f909f37b1f59abd1f10
runs/detect/edge_sign_v2_v2split/labels.jpg,89825,1779985015235377300,.jpg,55f9de8a49eb2ac2cc696a3760f595d3298eabfb90f626b658f70f6b54d4da1a
runs/detect/edge_sign_v2_v2split/results.csv,9331,1780032079374647200,.csv,2fc7c4239283a2e92d7af005503b2d27687a441817f471ca6e67fbd6406bcaaf
runs/detect/edge_sign_v2_v2split/results.png,252610,1780032109756868100,.png,b2e7785d7f0d99448c18dd51a3d20c32e74844ed6ac0fbfb954e1ed7c4aa072b
runs/detect/edge_sign_v2_v2split/train_batch0.jpg,544453,1779985018615940700,.jpg,087d9717565a7f8a57bac7b55dd270973dbf015bc96c2e6bdc9db2c3da462457
runs/detect/edge_sign_v2_v2split/train_batch1.jpg,611097,1779985018819940400,.jpg,8e8d37c610d47d4e9172c29a324f553db96243475823ed38b9d03737769b00b2
runs/detect/edge_sign_v2_v2split/train_batch2.jpg,550223,1779985019032966100,.jpg,7166cd4c1939d9cfc5a06a9c14aa8e8e442f541a8618b9cbc01daf405c5780f3
runs/detect/edge_sign_v2_v2split/train_batch81185.jpg,429014,1780029706070508200,.jpg,1b7c702590e956986029cabb9459ac03ff51d5b344b4887943e5f57f9e1f917b
runs/detect/edge_sign_v2_v2split/train_batch81186.jpg,420511,1780029706245523300,.jpg,85f3630789f005280f57e9d7edda192d6b2f2a6a73d8cc4cc361781eed1fb976
runs/detect/edge_sign_v2_v2split/train_batch81187.jpg,422295,1780029706466023200,.jpg,106c1b7c7f742ed317a42df17db4ea312ee3398d5dd0d9999c7d31a308bdcec1
runs/detect/edge_sign_v2_v2split/val_batch0_labels.jpg,384544,1780032080467379700,.jpg,6ed22c08c1504fce4ce9b8d30eeeaeadd439ff14744df54d5fa3b4f61e6aec58
runs/detect/edge_sign_v2_v2split/val_batch0_pred.jpg,381638,1780032080471386600,.jpg,e5130c7ffe3a6b8590fd8dd2dc297a8caaf794bcf4df3173621c563ee3753c2b
runs/detect/edge_sign_v2_v2split/val_batch1_labels.jpg,451787,1780032080773493600,.jpg,62d0ce56d978f8c699fa4a78c7f3b709961218ff7add0fe86cccf9a6879bea9b
runs/detect/edge_sign_v2_v2split/val_batch1_pred.jpg,466100,1780032080786992900,.jpg,65f5281f043d879c73365052418f70b6ad342b77196048721350661993bea74c
runs/detect/edge_sign_v2_v2split/val_batch2_labels.jpg,436801,1780032081056571700,.jpg,748a29fdf909468012d8b0555840c0e961dc4ea2c63cb4b6f42352cd4b52c4ac
runs/detect/edge_sign_v2_v2split/val_batch2_pred.jpg,432094,1780032081060071400,.jpg,c1fb8ca1046a80d6b2f0efc37da0130a16b97d91a2de011283c99897855cf698
runs/detect/edge_sign_v2_v2split/weights/best.onnx,44747973,1780072166981418500,.onnx,7ffd5e1917082e71d76141dc373c77b57ca71c024271fcd9f5662b56746e7f53
runs/detect/edge_sign_v2_v2split/weights/best.pt,22509674,1780032079741762300,.pt,b1dbd8e7fce0adf928dd420c96ce3142a17cb2da8f5063806a583964104af0e9
runs/detect/edge_sign_v2_v2split/weights/epoch0.pt,44854271,1779985296162811500,.pt,f0950f099c17e4a434271d1d06d12a8174ad2ac143e9fca74c2a0343db940a25
runs/detect/edge_sign_v2_v2split/weights/epoch10.pt,44855423,1779987935133420600,.pt,f3a973f4dc2e6f3fcef7cea874d27f4b0cfe2e32fcd0d1cd9a53e0018bee5ea6
runs/detect/edge_sign_v2_v2split/weights/epoch20.pt,44856703,1779990559945353800,.pt,a0deb0ee2767d17d2cfc370799a47227aaa50717e80025a6fa774b5fc28ea988
runs/detect/edge_sign_v2_v2split/weights/epoch30.pt,44857983,1780020671837021100,.pt,ef68d2c29672a8f62fc2ea5bf16469136d1e91a7c6582de96bfcbdf7273be979
runs/detect/edge_sign_v2_v2split/weights/epoch40.pt,44859263,1780023314201578400,.pt,faa9723ed5ee8e9ae239612e2291793db28818f164000c90ec4f1a1dea2006af
runs/detect/edge_sign_v2_v2split/weights/epoch50.pt,44860543,1780025976659872300,.pt,12373b7c500c764bb3a7a70d3af056181a8206556a3775f8e2957a140b95a454
runs/detect/edge_sign_v2_v2split/weights/epoch60.pt,44861823,1780028623885939400,.pt,0e43f7db80e823f182ebad3f4c983b4a9b56ace2cf443ab9dc12dc58d94ffa4a
runs/detect/edge_sign_v2_v2split/weights/epoch70.pt,44863103,1780031290994189800,.pt,01b6127e9f958570d03df0c3eb290e21c1ecb159bb6cc612fd887796216dcb5f
runs/detect/edge_sign_v2_v2split/weights/last.pt,22509674,1780032079652232200,.pt,51251ae1d0c6ff70367571e4fb102d04117d1a347cf783e68cea8fda0d2d8d36
runs/detect/edge_sign_v3_lights-4/args.yaml,1793,1780136432740635500,.yaml,ae51fa80c0051ce59f74951a5a4efb1a92360370dfcef65b196ea3b472440301
runs/detect/edge_sign_v3_lights-4/labels.jpg,92110,1780136436071865500,.jpg,193d6619131b1127f3ab1bb920e7bd98545aecebca41c6a0a86d843fb7567637
runs/detect/edge_sign_v3_lights-4/results.csv,4437,1780154876890477400,.csv,a9d7a74a87e29fe6d70f7837b2b6dfb6b3da5d4339a81479908c55c5cb6798be
runs/detect/edge_sign_v3_lights-4/results.png,259625,1780799796700594000,.png,70bd267f0630bb8ecbf440515516bc9ad9d1136f60bb9f426899ac16b49389b3
runs/detect/edge_sign_v3_lights-4/train_batch0.jpg,362634,1780136437546638100,.jpg,3369e67102d9cf87ecdf683275b8c94f8a532bf3b70033d6c7c2699068fae7c2
runs/detect/edge_sign_v3_lights-4/train_batch1.jpg,387516,1780136437950943500,.jpg,17e500a944afe9a6f47fe55f5bc95dc478bdc7b88c30a43ff8855a598a53498a
runs/detect/edge_sign_v3_lights-4/train_batch2.jpg,400659,1780136438338142600,.jpg,589058fda3f987a15c7840ebae128464decbeaa938ca5359b9e28ce2a8a9e718
runs/detect/edge_sign_v3_lights-4/train_batch46410.jpg,344229,1780152823004003600,.jpg,2873d7a8626783cd168fcfed3ab20baf715f989d2b8416f981bf7d5c9acb1b1c
runs/detect/edge_sign_v3_lights-4/train_batch46411.jpg,358806,1780152823335358700,.jpg,b5814d683a21779b348d2e6d8cba1139c50421f469845d8053b43307e84677c4
runs/detect/edge_sign_v3_lights-4/train_batch46412.jpg,346550,1780152823681111000,.jpg,75cf5325c47ab9d0dae666b2c135c239d33bb0e90d8feb2cb13bc38fefb88d6f
runs/detect/edge_sign_v3_lights-4/weights/best.onnx,44747495,1780155316609737400,.onnx,033615c8ec96a62b36e3c5c3e4bd586403c165f9cb519f4352f3c33e50f8f323
runs/detect/edge_sign_v3_lights-4/weights/best.pt,89579619,1780152259029609200,.pt,75d44c40366a2e8a42fef76115b46ee4afe51f815009dcf94c8a10791c3a0639
runs/detect/edge_sign_v3_lights-4/weights/epoch0.pt,89576291,1780137059865424000,.pt,1ba945ec840010ee6917078e148a73850ab3bc224119fc6cc94e55b10dff542a
runs/detect/edge_sign_v3_lights-4/weights/epoch10.pt,89577315,1780142489604201100,.pt,0bd2686063619ed3cf7898b4eb06162cc47a6b6669822be2223903818cba41e9
runs/detect/edge_sign_v3_lights-4/weights/epoch20.pt,89578595,1780147861937126100,.pt,62c45e65051ee3af99702cc8f6ddc830824a1a518f20cb2382e5fc17d9af49df
runs/detect/edge_sign_v3_lights-4/weights/epoch30.pt,89579875,1780153329831663300,.pt,8b424e00b1f87c021a00a07e5b6872a569001d2b6678c31b301fad6a04048fbd
runs/detect/edge_sign_v3_lights-4/weights/last.pt,89580259,1780154877252584300,.pt,81a1a9b569c3255df151ca27b7a153bcb8a902bb0299e69dfe93a71a2790a458
runs/detect/edge_sign_v4/args.yaml,1810,1780714112753239800,.yaml,aa609a7aa1a46e8cd8679ad6ae324edb3fb652f49448e96f4691a435d787c3f2
runs/detect/edge_sign_v4/BoxF1_curve.png,142339,1780735002789555800,.png,bb3b3439e16b6d0423522bd104e13fd214ba99a36f1fe577032c05d38643b87b
runs/detect/edge_sign_v4/BoxP_curve.png,130288,1780735002887172800,.png,00399037ada565bb251c4e3e43f854a4aadc25a4f981aa2758ed1d6f11125bed
runs/detect/edge_sign_v4/BoxPR_curve.png,135437,1780735002692431400,.png,fe5066fbee567bd701dc8ee5eae7a1981353998b4e3158c3a2d9f82e4a07ea46
runs/detect/edge_sign_v4/BoxR_curve.png,142464,1780735003092614100,.png,fd06289aa9da5d1b5f58a9b80da415dc42b02ecab3b5e87d82625cc473de78cd
runs/detect/edge_sign_v4/confusion_matrix.png,121664,1780735003386968100,.png,de5a654334a80b7e1e4acdaf0fc5f3732671e5364ab101b0a979cec3e27426ec
runs/detect/edge_sign_v4/confusion_matrix_normalized.png,116197,1780735003244234000,.png,fbdf6f6090c5246a4fb724dba0d2ec74a8dc8237242478d42880cc7e5bb065a4
runs/detect/edge_sign_v4/labels.jpg,92110,1780714116763223800,.jpg,193d6619131b1127f3ab1bb920e7bd98545aecebca41c6a0a86d843fb7567637
runs/detect/edge_sign_v4/results.csv,5194,1780734977470950300,.csv,721b807fdc30527b53a324021c0a118ca02d9f48f65754fb70786a02c5a5574c
runs/detect/edge_sign_v4/results.png,256150,1780735004003098900,.png,450df509ac172a1ddee474824aeed12e2d1a7a46a0a0c5dddc970112d9645281
runs/detect/edge_sign_v4/train_batch0.jpg,362580,1780714122019467900,.jpg,24e0aaa4bfb500c8d0bfb06cc1d00348d21c2af89d0af3f9161b028598ced229
runs/detect/edge_sign_v4/train_batch1.jpg,387814,1780714122431833200,.jpg,6a2f7e55143d22cc9b54ec832368b787636c463aa97ede7d12d45c02fa0e0ad1
runs/detect/edge_sign_v4/train_batch2.jpg,400851,1780714122796626200,.jpg,12997ffee3f135519ad79e405b91bb186053f0e5cffe593756385ab50b322b11
runs/detect/edge_sign_v4/train_batch46410.jpg,343877,1780730103529224900,.jpg,cd9c1a7303745a1e07e963dddddf77796ca8b195481fe77c9d4b474eb5590841
runs/detect/edge_sign_v4/train_batch46411.jpg,359160,1780730103898173800,.jpg,4380f496da5e4a707a3508c097efacee0619a5e0884df6c4757190d5758c7abb
runs/detect/edge_sign_v4/train_batch46412.jpg,346718,1780730104246742700,.jpg,68ad83e140adae3ed0fb2fd714380471a7fb0845c39218ddecf89b990a81f00f
runs/detect/edge_sign_v4/val_batch0_labels.jpg,418240,1780734979539191800,.jpg,1d0b1869fa08b4a4a90c2522af13055a998d94f5637fd99f063d09e872077193
runs/detect/edge_sign_v4/val_batch0_pred.jpg,418237,1780734979534185300,.jpg,1572b128b1bfc2dcdd183409b6eb826632fc834ec4220dc41e5fbd8faf9da955
runs/detect/edge_sign_v4/val_batch1_labels.jpg,472042,1780734979805476700,.jpg,1c7a4e4531fe6721c1c10292bfb2ee173d054bba33a4e28263c0b32034b81389
runs/detect/edge_sign_v4/val_batch1_pred.jpg,479697,1780734979795966900,.jpg,2a743fa3ff9d1570ec0f4c31380fdcbc4bacfdeeead79132899e1a589fa2a122
runs/detect/edge_sign_v4/val_batch2_labels.jpg,533055,1780734980075875100,.jpg,22f8d77f1825cf82554dc7845d3f78a739937177ccc635eaf1f6b0cfc8c1064b
runs/detect/edge_sign_v4/val_batch2_pred.jpg,545902,1780734980083381600,.jpg,8b6569565ebae7d6933aef63099b6f63e198232b39d415a9b7db0e24e27c4ef4
runs/detect/edge_sign_v4/weights/best.onnx,4971834,1780736088286076800,.onnx,0028ac54c854b3b021f0a2b7987eab37be66612aa86c1c955846c0db3977e37e
runs/detect/edge_sign_v4/weights/best.pt,5449413,1780734977907936100,.pt,102ff3d6075ee0179bc3800b645809bb0954f64c143d36c63f934908e81007c0
runs/detect/edge_sign_v4/weights/last.pt,5449413,1780734977828352200,.pt,4476fb948bddb1f3f19dcb35a483041af7584d6984cc7dc9016459fe9563a337
model_space/_spike/yolo26n.onnx,9941944,1780713854400280900,.onnx,630d0ba1fa7b90cbb58501adf067d9d78a38aac69a99b3ca92650677eb8872e0
model_space/_spike/yolo26n.pt,5544453,1780713852828740900,.pt,9b09cc8bf347f0fc8a5f7657480587f25db09b34bf33b0652110fb03a8ad4fef
model_space/korean_ocr_net_1bit.onnx,2880185,1779955611450051900,.onnx,ca1bd574c78cfda87f63f33c8350888d28d961842961116754bb8a496ec788d7
model_space/korean_ocr_net_fp32.onnx,2880185,1779955598237648900,.onnx,671167504b2e42a5b3afef925c9c1ba1aea4cb60d8bce96a314fe8149e078e71
model_space/korean_ocr_net_int8_dyn.onnx,749365,1779959224899333300,.onnx,fa31b957e420acd3cd5961011f232c692c69b142534ca51e59422ccb7f3a2dc6
model_space/korean_ocr_net_int8_static.onnx,796892,1780077464188865800,.onnx,441923d39bd2e9bf2fb375438d5fc22f0bba846db2c8434dfb6ac5b5d224d715
model_space/korean_ocr_net_w4a16.onnx,2880185,1779955607646399300,.onnx,0ebc503de02d6493cec8ac2afddfe5e1d9e363ce8c190996db2f7998eafa59bc
model_space/korean_ocr_net_w8a8.onnx,2880185,1779955603730989500,.onnx,c2cb4081803903f7dc4673086cafb893e205d5823035be31dd4d66e8ffc511ee
model_space/korean_sign_net_best.pth,125867,1780135308202580600,.pth,3812b23a5cbd30c3b6c0d1a32d161549ec1aa7b7f9657b70ca7214edc03f0aad
model_space/korean_sign_net_fp16.onnx,59743,1780714214281447700,.onnx,b4e39ac205a962f13ae106f24858d573393ecdd0f1dfa14acd877aca3fcb1a64
model_space/korean_sign_net_fp32.onnx,116860,1780135454054466600,.onnx,a5d6584c984fe105c04d22f7ae026ba2fc4be4a97eb67a4997a1c03626ae47ca
model_space/korean_sign_net_w8a8.onnx,37789,1780135601019363500,.onnx,7c22a19d613dbc34472eb48ab7bd84da9c040034af475c0292d2c30ec9d6e67b
model_space/reid_net_int8_dyn.onnx,75736,1779959225154446200,.onnx,5293001e122175df7e5f481291c964ccdefb00024e96bb64abb3741ab2e47cd1
model_space/reid_net_w8a8.onnx,254465,1779955947545494200,.onnx,c7fc8c05a85c0c66f433fb1b733dceec19a163c6fea4397ac9bd918c7a94ea79
model_space/traffic_sign_net_1bit.onnx,125814,1779955613771845100,.onnx,b3b30561cd9fded34ba2871191e9e3b3d5eaa4c09191a29c582e7c2e2ae67b7e
model_space/traffic_sign_net_best.pth,132874,1779954519592930000,.pth,614ea48934495b4c3996b73453d02c92991ceb854dbb0304f5f8a8de0ecbd05c
model_space/traffic_sign_net_fp32.onnx,125814,1779954550099776700,.onnx,1940de20953bf863be79b7cf9eb843335579d97df7f7ef1567c268da4f8552c5
model_space/traffic_sign_net_int8_dyn.onnx,40485,1779959225049831000,.onnx,8199058b5290e27e964bf92c7aa7e7a8e4c0309d1319540fff191b4d7181208a
model_space/traffic_sign_net_int8_static.onnx,44807,1780077467065374400,.onnx,b5d75c132e803269a8d73f720fe648e5f90b67243a82a59bd8607e183be3e905
model_space/traffic_sign_net_w4a16.onnx,125814,1779955609984399300,.onnx,3616dcb17718c1518bd601cfc01def7e1429b5c87d86ff3c1d35a43b673c6584
model_space/traffic_sign_net_w8a8.onnx,125814,1779955606072970900,.onnx,2007c85668592ce7af8178ecbe194e3ade3b2279cf4caeee2000df6d90b67a1c
model_space/yolo_v4_signs_fp16.onnx,4971834,1780736105341704500,.onnx,0028ac54c854b3b021f0a2b7987eab37be66612aa86c1c955846c0db3977e37e
model_space/yolo_v4_signs_fp32.onnx,9805975,1780735054749353000,.onnx,4133272b340bc2e788277edce1b4abe3e41126df9d697746a06315fd5603c6f1
model_space/yolo_v4_signs_int8_head_excluded.onnx,3416372,1780735214091275400,.onnx,a2ddfe7d07adeb3cc58d413a0936ca3833260e99a4af227b01dea4df7326c9eb
model_space/yolo_v4_signs_int8_static.onnx,3098518,1780735062425515500,.onnx,c4fc17fb230324a0e691c4f2b9c1dd25986cdea27a41525de891b8d0d1d729cd
model_space/yolo_v4_signs_w4a16.onnx,9805975,1780735063497902900,.onnx,b715605e0078732c083db98ebb59ece8f85887d5ef6a8a816e7b9724cd60681e
model_space/yolov8s_signs_fp32.onnx,44747973,1780032924294269800,.onnx,e93dcd1aaed30c0cabc438e366cdb86bcd72d462a207da903768c8465f84dda1
model_space/yolov8s_signs_int8_dyn.onnx,11491070,1779959201737664200,.onnx,29bd935d39ba7f7bdca4e697dcf6020c1254c4959b470b08d70ca1e262217dcd
model_space/yolov8s_signs_int8_static.onnx,11657516,1780077463361168900,.onnx,4b67a93d1a90c63df72ccfe3065c69fec73f6a8a15fb81f699f1e337e394d350
model_space/yolov8s_signs_smoothquant.onnx,44761494,1780072170583679800,.onnx,01934438a03ee274cfa7f4bedfdbb910d5027c9b996c13865773f9460ca57bc7
model_space/yolov8s_signs_v2_fp32.onnx,44747973,1780032924294269800,.onnx,e93dcd1aaed30c0cabc438e366cdb86bcd72d462a207da903768c8465f84dda1
model_space/yolov8s_signs_v3_fp16.onnx,22382483,1780634127735737600,.onnx,89bd34c6c56cc1ee893134277fd0e3beac0ea1436693f6587adc913412d6d529
model_space/yolov8s_signs_v3_fp32.onnx,44747495,1780155316609737400,.onnx,033615c8ec96a62b36e3c5c3e4bd586403c165f9cb519f4352f3c33e50f8f323
model_space/yolov8s_signs_v3_int8_static.onnx,17997724,1780305387281427500,.onnx,cac42647fd5781c808f3eb192e3003c12f44e83fefb3beabc9b1e0727a9e6aee
model_space/yolov8s_signs_w4a16.onnx,44747973,1780072166981418500,.onnx,7ffd5e1917082e71d76141dc373c77b57ca71c024271fcd9f5662b56746e7f53
model_space/yolov8s_signs_w8a8.onnx,44747973,1780072165997250100,.onnx,df103bdd47907e9f734aadc9e46f050264b43960884f67df9028855895acc858
models/hf_1bit_model/config.json,87,1779610305121164700,.json,a7712a4a3a5db5d5b6cd3c5b45ed4d5b41d9cccb43f05219e3c63ba3ce8b9ba8
models/hf_1bit_model/model.safetensors,2095724,1779610305129181100,.safetensors,c48e95bbe058d26c8961d7b2df96f49ea31254ed5b9010a66254b69d80fc9380
models/hf_mm_1bit_model/config.json,288,1779610305224440600,.json,7464cade4edfc572ffb3da97ecc86592be97ce19f0b70daadb80ef921ec762ee
models/hf_mm_1bit_model/model.safetensors,30637680,1779610305392816200,.safetensors,2b6c73fad752b8f7c51efef0be4c35f9258e5486154bc275cef2d4cb707dcfe6
models/hf_w4a16_model/config.json,180,1779610305394821900,.json,c716c78be973f071f5e6f3450d91ecd5ec08a108373adc8ef25fd2e9016c8991
models/hf_w4a16_model/model.safetensors,15641016,1779610305417861900,.safetensors,c3ddf224f05cd98ffc6156082b1a8641c702084797e580f32f2a6a4f34f86965
models/hf_w8a8_model_convnextv2_nano.fcmae_ft_in1k/config.json,102,1779610305420362400,.json,f25d169a4f21305a1b7d1a683f72290c7e372570bda69f1af52fea36ac058c90
models/hf_w8a8_model_convnextv2_nano.fcmae_ft_in1k/model.safetensors,15641016,1779610305443525300,.safetensors,d98bdcae4e947de789c251a61d41b4f23750767800ae878be27810813829c31e
models/hf_w8a8_smoothquant/smoothquant_w8a8.pth,30755607,1779610305623270400,.pth,ef509e3a3a1f80c01ae0c2d6b0473c8b8c6925ff70f8adf2f019102256c71d84
models/korean_ocr.onnx,33300,1779633958262586800,.onnx,9e712f317b7eb93b584074dede8090afe947e2d099841c72c94539e327054cf5
models/korean_ocr.onnx.data,2930688,1779633958260083200,.data,c614efe7406d37654fcf5bbf7bf02d5f36a35536acfb8146edc61496f38804cf
models/korean_ocr_best.pth,2901044,1779633956565479700,.pth,4fbb067e87bb5b69d00c8bc64249745b50482e40ec69f51faadc6a617375116a
models/korean_ocr_quant.onnx,758419,1779633958453935200,.onnx,59ac18d545c431882809612283f00edfef6d5aa291666fe5cf978a55f99841e9
models/yolov8n/yolov8n.pt,6549796,1779868226364029200,.pt,f59b3d833e2ff32e194b5bb8e08d211dc7c5bdf144b90d2c8412c47ccfc83b36
checkpoints/checkpoints_1bit/qat_1bit_epoch_1.pth,93944501,1777789876463617600,.pth,5c8b4ec1d4d285d38a94c68b791bbd367986e97e3325c8effcd108a9d1d2be32
checkpoints/checkpoints_1bit/qat_1bit_epoch_10.pth,93945147,1777815667236537300,.pth,7e05b82ea060fd77dbfc94f44d73af17d0471dc1f9fd014ab150d9b54d3dfb5f
checkpoints/checkpoints_1bit/qat_1bit_epoch_11.pth,93945147,1777818581442667200,.pth,d095c5f6fc853a019912a858742f58958bd350c38a2c0f904ba23932b2d719e5
checkpoints/checkpoints_1bit/qat_1bit_epoch_12.pth,93945147,1777821487168610100,.pth,90b0157d55fa143c2adbe086be6bccef77d48488c4d3b4caa4b23125abcadd5a
checkpoints/checkpoints_1bit/qat_1bit_epoch_13.pth,93945147,1777824359899413600,.pth,2afb73023f4bf8364bbe37a5cb2b1cd16f6a7286ce764d49cd505be9071f6cb4
checkpoints/checkpoints_1bit/qat_1bit_epoch_14.pth,93945147,1777827231770611200,.pth,83d7adfe3dd454e12c6b0faff317d739b0970eff051d00141c40ef61285386b6
checkpoints/checkpoints_1bit/qat_1bit_epoch_15.pth,93945147,1777830101886724400,.pth,ec46011fd60dfff6808cc536b57502eea8c45414c043d6995adab263e0f6042e
checkpoints/checkpoints_1bit/qat_1bit_epoch_16.pth,93945147,1777832972611680200,.pth,dcac4fcf37ac6933304a5f1026087770d2ec08617b075d81ae0ae7360af136c3
checkpoints/checkpoints_1bit/qat_1bit_epoch_17.pth,93945147,1777835842781419900,.pth,272163853f364cfc5753f4c8f052fbb761dc930fbb326302d4995489a7a86e9c
checkpoints/checkpoints_1bit/qat_1bit_epoch_18.pth,93945147,1777838712505465800,.pth,0cb0c4c33fe1e4dee32f19709b5cea4fe508a41eecd8da0c3856860f2052245c
checkpoints/checkpoints_1bit/qat_1bit_epoch_19.pth,93945147,1777841584280402500,.pth,9299aa421b18496db6c91fd7300970e587f86ac31576e436337d963a2cf18ba4
checkpoints/checkpoints_1bit/qat_1bit_epoch_2.pth,93944501,1777792756147081700,.pth,b369aab8799b32957883aba85d68a052bb31fa9618c0e1400c7b83b1c988a11e
checkpoints/checkpoints_1bit/qat_1bit_epoch_20.pth,93945147,1777844455629402700,.pth,90bf4463cc2915e8c469bc4edb56e61b97baaa3b2104ff739e719e2639f0b76c
checkpoints/checkpoints_1bit/qat_1bit_epoch_21.pth,93945147,1777847330111226200,.pth,68425af197ac8350dfdf6962e19d3ce1f558ef4dfd1015dde0d86b7de1a1f15c
checkpoints/checkpoints_1bit/qat_1bit_epoch_22.pth,93945147,1777850216718600500,.pth,9f7d97f34379881d11720fea9aeb7026e69bc06b255e541c6d99abb19bb17da1
checkpoints/checkpoints_1bit/qat_1bit_epoch_23.pth,93945147,1777853087044253200,.pth,de3e11649306606c3463b87192b1b488848a2b0acb1db3dc52368567b094bbc4
checkpoints/checkpoints_1bit/qat_1bit_epoch_24.pth,93945147,1777855956549410900,.pth,a9f66dd93d3ac8f08c8725033f727c9a7e2d8ee22ca548f77df8c9dd4c6789dc
checkpoints/checkpoints_1bit/qat_1bit_epoch_25.pth,93945147,1777858835927382500,.pth,bb5423f2a81148802ec7a3d4de8e99bbdf545f5a3e9c345c0072f1ffac0b5a50
checkpoints/checkpoints_1bit/qat_1bit_epoch_26.pth,93946875,1777884512837506600,.pth,5f339f91db678377cea8567d93872af848e4c20b81deac2e68456741b0c7a5e9
checkpoints/checkpoints_1bit/qat_1bit_epoch_27.pth,93946875,1777887484186639900,.pth,a63fa58d6bf7d341fb3a07d79a02a884ad8688b70319c7792579c4b0e8f1f01b
checkpoints/checkpoints_1bit/qat_1bit_epoch_28.pth,93946875,1777890456551594100,.pth,08fb6d17239b5c488dcc8184f6b0ea6223ad33fae1bf78452cd410c1e95cd21e
checkpoints/checkpoints_1bit/qat_1bit_epoch_29.pth,93946875,1777893431566490600,.pth,6009617a66c5587581f63fc5e35ca1dc0014a9066b16a5be001bab600f47c715
checkpoints/checkpoints_1bit/qat_1bit_epoch_3.pth,93944501,1777795632403744200,.pth,d9851863028836722eb76f7ac3d80835c93fb42d43d2a6ff133cae7c70f11107
checkpoints/checkpoints_1bit/qat_1bit_epoch_30.pth,93946875,1777896404216226000,.pth,b20ee5a46ae6bd1b3dfd56f697571c7d75d8aef12039d341f9ed0f3d17a73e5a
checkpoints/checkpoints_1bit/qat_1bit_epoch_4.pth,93944501,1777798502801079500,.pth,79b7ebc6805543a527d55f30621f3aa919823530b2896dd22da41c67b8592a82
checkpoints/checkpoints_1bit/qat_1bit_epoch_5.pth,93944501,1777801364597039400,.pth,9535625c3a0daa78029e432c42d3115446298c46ef53a2dc88aba0adb81868b6
checkpoints/checkpoints_1bit/qat_1bit_epoch_6.pth,93944501,1777804226321927100,.pth,193407702e9de34f0f9de1089b4ff7ff6de9fb5778dcde25b08fe09bb879459c
checkpoints/checkpoints_1bit/qat_1bit_epoch_7.pth,93944501,1777807088760233700,.pth,493e63b39b4138058c56c2aeef4e69af47ac24437ceb4cd43bb4e15d0237f5b8
checkpoints/checkpoints_1bit/qat_1bit_epoch_8.pth,93944501,1777809948145217900,.pth,b0fdfad716fc7dc10002edca0b6d75b585a7d4f70193cdd39ebbba9a67c0fbf9
checkpoints/checkpoints_1bit/qat_1bit_epoch_9.pth,93944501,1777812807063703900,.pth,0a0bb8ba6cf5deee14d78a37db8409053bd7d1c07a36b034a9d1986c08de050b
checkpoints/checkpoints_mm_1bit/mm_1bit_epoch_1.pth,92067055,1778059940628485600,.pth,0fa171d39baadd84bbcaab8e43664a66d6c2dfecc188a59ad3c46914d0bf19c4
checkpoints/checkpoints_mm_1bit/mm_1bit_epoch_10.pth,92067701,1778087073213024900,.pth,270e0d8670c7e5aab13bcdc66158df19241b56912a1d5ef042dad49f9765f19a
checkpoints/checkpoints_mm_1bit/mm_1bit_epoch_11.pth,92069429,1778116536798824100,.pth,2b762355af9fed20d982e0bb86ab442c11b3b97f9e35a7ea497f191a5556dde9
checkpoints/checkpoints_mm_1bit/mm_1bit_epoch_12.pth,92069429,1778119523762057200,.pth,4e33138fe60eab2f25f967b7d2bb2ae278d5b907a07fa41a7bc429be4d453221
checkpoints/checkpoints_mm_1bit/mm_1bit_epoch_13.pth,92069429,1778122506103833800,.pth,5262a180f45d63034586363b534e79c288d6a836745a882c4b7ef582d439afe4
checkpoints/checkpoints_mm_1bit/mm_1bit_epoch_14.pth,92069429,1778125491398225800,.pth,b751f46fd5c4c5217cfaf23f3971ec5497316f452a3954fa62fd9501855376a6
checkpoints/checkpoints_mm_1bit/mm_1bit_epoch_15.pth,92069429,1778128473502087500,.pth,21bbec9b15b24bed25c40fd57b908752d5ceeded43f87bf4e167c593f856832d
checkpoints/checkpoints_mm_1bit/mm_1bit_epoch_2.pth,92067055,1778062908440061100,.pth,7320322f7dda38f7871293d932b4b0628688315b8cd0fac2f697be7639fbc963
checkpoints/checkpoints_mm_1bit/mm_1bit_epoch_3.pth,92067055,1778066018016849400,.pth,e49f6db9447b69a47ea7d0ebf1943acc9795f923c8930d26888a5213273593c4
checkpoints/checkpoints_mm_1bit/mm_1bit_epoch_4.pth,92067055,1778069074320705200,.pth,f38cebcddd4c7d9449381c5911e887775ec906f3123eba49f1c66243ad623bee
checkpoints/checkpoints_mm_1bit/mm_1bit_epoch_5.pth,92067055,1778072083313774400,.pth,fbc1c39ee5ef23caa7519d65f2eb31834942641211fb2906b6a287685c3cfcc2
checkpoints/checkpoints_mm_1bit/mm_1bit_epoch_6.pth,92067055,1778075069489151800,.pth,05121950481a2773099b0a193efc169d59c4a831314eb88bdfa289ecc37dad9e
checkpoints/checkpoints_mm_1bit/mm_1bit_epoch_7.pth,92067055,1778078034107149700,.pth,e24dc1178687a3f38fa79169ed6177bbd10e2990ce0e3e0c4a3fe5e2cc28a224
checkpoints/checkpoints_mm_1bit/mm_1bit_epoch_8.pth,92067055,1778081060677804900,.pth,c646d9da0ded311b51f34fe24c3fbd57d248802fb7d28a69487e44237b13163e
checkpoints/checkpoints_mm_1bit/mm_1bit_epoch_9.pth,92067055,1778084114790415200,.pth,1563365536e6d7845688ced9a413f02c864eca0263d29f83259143ee076d9458
checkpoints/checkpoints_mm_1bit_custom/mm_1bit_custom_epoch_1.pth,31509933,1778170808580236500,.pth,7222e0d58fe414dabf2e4ffd56e3831b0e9638893f1a4074f8cffe5091b65ca9
checkpoints/checkpoints_mm_1bit_custom/mm_1bit_custom_epoch_10.pth,31510103,1778196774543311500,.pth,dd8c03cc8f7c2c938bf5ad26bbeee2b685ed9321ef142a5449570eb14c23cc0a
checkpoints/checkpoints_mm_1bit_custom/mm_1bit_custom_epoch_11.pth,31510103,1778199651458806300,.pth,e0248d2492da8630df240e4da9f8b4866fd60a055c8906ae427815de6405b8d7
checkpoints/checkpoints_mm_1bit_custom/mm_1bit_custom_epoch_12.pth,31510103,1778202529289206300,.pth,0a60427fc8d7f0f0f6aa1c11452bc7dc0c78acd566f5df2f4df206e420e88250
checkpoints/checkpoints_mm_1bit_custom/mm_1bit_custom_epoch_13.pth,31510103,1778205408035058500,.pth,4b19986063a561cebe3202caee590d19271c927eac7ac30ba59163562bab70f9
checkpoints/checkpoints_mm_1bit_custom/mm_1bit_custom_epoch_14.pth,31510103,1778208351320796900,.pth,03c3fc1243daf8b11c304fded04b8abdbb632501f006feba691651a74b2d7018
checkpoints/checkpoints_mm_1bit_custom/mm_1bit_custom_epoch_15.pth,31510103,1778211291678172200,.pth,0c4ac0af2be6ab181b73eddef66c1b3a2d511719313511ff2062663cdd381a2a
checkpoints/checkpoints_mm_1bit_custom/mm_1bit_custom_epoch_2.pth,31509933,1778173713337983800,.pth,432cb39553d3c0e4c14edb7d125095e19165fc8a434bed0e12c8f334ef3ccee5
checkpoints/checkpoints_mm_1bit_custom/mm_1bit_custom_epoch_3.pth,31509933,1778176621093171400,.pth,743758683c273a2c5373f59e4854dfed1dd807ae8667c9d8a35d796539111c2a
checkpoints/checkpoints_mm_1bit_custom/mm_1bit_custom_epoch_4.pth,31509933,1778179517058897500,.pth,fc9b4dc04aac7131df7bfe90cf0fd9f16ff9c68a56116ef0c20de858f2bb7db8
checkpoints/checkpoints_mm_1bit_custom/mm_1bit_custom_epoch_5.pth,31509933,1778182393687978400,.pth,4ad084c03d831b8a4048b7dc20a6c7a3f701cbe746ab7c304c9b07648534ab40
checkpoints/checkpoints_mm_1bit_custom/mm_1bit_custom_epoch_6.pth,31509933,1778185271488224400,.pth,9e1cf4bf5c258e8d557d8dced8c5c77bc78deac3abbed0dc1ceab913f99c34b0
checkpoints/checkpoints_mm_1bit_custom/mm_1bit_custom_epoch_7.pth,31509933,1778188146596506200,.pth,bfc7d8eda38561565a17d2c92022373c7e11e59031d8adc02de062d5deafcd67
checkpoints/checkpoints_mm_1bit_custom/mm_1bit_custom_epoch_8.pth,31509933,1778191023084705700,.pth,acf28e3dfd1a5d7f5d7b790b72e1d6a474cfb096fd9d1289994c43ec3d161b10
checkpoints/checkpoints_mm_1bit_custom/mm_1bit_custom_epoch_9.pth,31509933,1778193899113502700,.pth,a6ec4a4bc98065399b627629e5dbbc9fbc3a3b2dd9bf3fc4410cf9c0d313338d
checkpoints/checkpoints_mm_fp16/mm_fp16_epoch_1.pth,30684143,1778395784534701100,.pth,f08c72be339436fbb72faef63febea7fb1428728d9f46534303f27b9bb4c3789
checkpoints/checkpoints_mm_fp16/mm_fp16_epoch_10.pth,30684309,1778421058385747200,.pth,8fce729d52914c107540f2b5d873e76bf1832f456023e8257abcdd55a75665b0
checkpoints/checkpoints_mm_fp16/mm_fp16_epoch_11.pth,30684309,1778423846845643100,.pth,daf6d9f1b80d9cab18c3435a37dc1416fe38f96087e411235dfbb08d87c54548
checkpoints/checkpoints_mm_fp16/mm_fp16_epoch_12.pth,30684309,1778426651613846900,.pth,7ebee652bf3361eddb16fd56477e2e4970bfed9641d73510c395cf09ff95e19e
checkpoints/checkpoints_mm_fp16/mm_fp16_epoch_13.pth,30684309,1778429448897284100,.pth,f369a9e3c5cb13728089752ed327dfb14f89edb85362c7c20c5c61b5a561d6eb
checkpoints/checkpoints_mm_fp16/mm_fp16_epoch_14.pth,30684309,1778466788797257800,.pth,11fb9de88999571515cd528b2191449e88d45b1b095a3740e1925384d4ef53a1
checkpoints/checkpoints_mm_fp16/mm_fp16_epoch_15.pth,30684309,1778469575649206800,.pth,15a40a222917bc841bb8fd465f680d3e7c5622055b2f1bdc95168f66449ebd18
checkpoints/checkpoints_mm_fp16/mm_fp16_epoch_2.pth,30684143,1778398607153920400,.pth,bd5c775d4ee9219c78838adb81f8941acdabb53edda49819ad6d7a5858272f8d
checkpoints/checkpoints_mm_fp16/mm_fp16_epoch_3.pth,30684143,1778401402494114300,.pth,dafde8a4980ac46d003b35648b1555a541a09bd4702dcacd70946fd52900e73b
checkpoints/checkpoints_mm_fp16/mm_fp16_epoch_4.pth,30684143,1778404197635988000,.pth,e1afb763be7c56e8df519e0394adeb2ecdcb9c61cd703f9c32752132a972a878
checkpoints/checkpoints_mm_fp16/mm_fp16_epoch_5.pth,30684143,1778407005124210900,.pth,5dcaaf4e3b5208e30aa8058bdf0efd241896855a856b61c702c3fe65b0c7fab8
checkpoints/checkpoints_mm_fp16/mm_fp16_epoch_6.pth,30684143,1778409853561541900,.pth,ac1fa18ac89056d3d7305904afef7e38fb8eea3f3c5154dbd68a6dff356c2e50
checkpoints/checkpoints_mm_fp16/mm_fp16_epoch_7.pth,30684143,1778412673166756900,.pth,8c2d9acc0173348bde0eb7f868a2b80bf404bb866cc26feff3ab71adf42ad2fa
checkpoints/checkpoints_mm_fp16/mm_fp16_epoch_8.pth,30684143,1778415476451993600,.pth,47376dcdcfa2efa6d1e127020fc3eae6dc00c711418ad27e82a2f16902aedaa0
checkpoints/checkpoints_mm_fp16/mm_fp16_epoch_9.pth,30684143,1778418268900227500,.pth,7e400b4e889b2b104b35522bd919884d0be998474a6c069e035db9af8c6496fd
checkpoints/checkpoints_mm_w4a16/mm_w4a16_epoch_1.pth,30684309,1778216901906284800,.pth,0b2fa706a25ac13b5133ad571519f452d1f6bc83d9103a2bc265e9ff26d4289e
checkpoints/checkpoints_mm_w4a16/mm_w4a16_epoch_10.pth,30684475,1778243651152918000,.pth,796f9938474a8268f4c999c300193aa6ca7e78f7ff9255f9684729579a74ed60
checkpoints/checkpoints_mm_w4a16/mm_w4a16_epoch_11.pth,30684475,1778246625130192000,.pth,793493e13273fe751cc74a2ec4c255b2da3855d6a90623663472b51237ba1ea1
checkpoints/checkpoints_mm_w4a16/mm_w4a16_epoch_12.pth,30684475,1778249599318514900,.pth,b5cb26f86ad485acd637dacfc72818bcff4cfac053a721da7ac25aaab0f00c12
checkpoints/checkpoints_mm_w4a16/mm_w4a16_epoch_13.pth,30684475,1778252643904605500,.pth,70f22bc9e504e568266731edbdfa157eeb429817f6f9cd8fd1adb63ad122273a
checkpoints/checkpoints_mm_w4a16/mm_w4a16_epoch_14.pth,30684475,1778255688865653000,.pth,5c921fe4e86741ca494f06f8a4f8ed82561e2c047c584909d7d95f514f68b1fb
checkpoints/checkpoints_mm_w4a16/mm_w4a16_epoch_15.pth,30684475,1778289459084366400,.pth,09aaf60ad1e9274c6329c76cc3180994c95b7f3b85adec216b7802748afd95b3
checkpoints/checkpoints_mm_w4a16/mm_w4a16_epoch_2.pth,30684309,1778219894885913700,.pth,3cf97bdd24cfec95eda32429c02cee44024588406a79a8567fa5d766496cabdf
checkpoints/checkpoints_mm_w4a16/mm_w4a16_epoch_3.pth,30684309,1778222873620736100,.pth,6e40a23b7d27a061cb04d80052d193898d0a9b2952a0fc369bbbdecb192a0865
checkpoints/checkpoints_mm_w4a16/mm_w4a16_epoch_4.pth,30684309,1778225843828332100,.pth,2f7b3d04d8ab2f76ed93e80dd1d28c5356ee4d8b9d1673b29ff98c63c49107f4
checkpoints/checkpoints_mm_w4a16/mm_w4a16_epoch_5.pth,30684309,1778228812457322800,.pth,57aba1ae464b5c141d255ce9c66a0f7b195133c0d8a77b68782159b4b5a23cd5
checkpoints/checkpoints_mm_w4a16/mm_w4a16_epoch_6.pth,30684309,1778231780133653500,.pth,a0c2eeb2745381c7c1c011f38ab094f74dc504e569e6c6b84e046ae1376265ff
checkpoints/checkpoints_mm_w4a16/mm_w4a16_epoch_7.pth,30684309,1778234744382266400,.pth,0eca7f5f2249513620afe1036c343a75adcac7421f2516ff5790571fa6adde2b
checkpoints/checkpoints_mm_w4a16/mm_w4a16_epoch_8.pth,30684309,1778237708233507300,.pth,724e49f29c5fb9ee09fce4f00b65e845e8593c1323316234dc39be36a573c60c
checkpoints/checkpoints_mm_w4a16/mm_w4a16_epoch_9.pth,30684309,1778240680145024200,.pth,7c91bdee5cbb52f1275af33feec8f45234d50d1b70ffc7bc3386548d05975124
checkpoints/checkpoints_mm_w8a8/mm_w8a8_epoch_1.pth,30684143,1778340541107755500,.pth,cdd829891028483cca03fb8e95bc5db50b5a60b699379b99456c98553a1bdbd4
checkpoints/checkpoints_mm_w8a8/mm_w8a8_epoch_10.pth,30684309,1778367521033137500,.pth,02e155da01cde3e0921ff46c4b2cd5b057f929ecb27ce3016c095b06c82fac4d
checkpoints/checkpoints_mm_w8a8/mm_w8a8_epoch_11.pth,30684309,1778370556386518700,.pth,28f0a86bc0ac0bd741136066e7f8d09667dc319efc37a6de5a9e9638b05905ba
checkpoints/checkpoints_mm_w8a8/mm_w8a8_epoch_12.pth,30684309,1778373567597231900,.pth,4c8505567126458b770d88ae439beda7637caa71ecf1414b11ff11a151ec1245
checkpoints/checkpoints_mm_w8a8/mm_w8a8_epoch_13.pth,30684309,1778376582765017000,.pth,a5db2f0ac1607180f80a76e1e424f32e7bc132c05a08646840c6de3ea7e721d3
checkpoints/checkpoints_mm_w8a8/mm_w8a8_epoch_14.pth,30684309,1778379581517511800,.pth,acb42156819de349f40783f117393d5d376f75e04e099b97994877441e364a13
checkpoints/checkpoints_mm_w8a8/mm_w8a8_epoch_15.pth,30684309,1778382618027313000,.pth,0ac36aa46cd1160f621245fb7d0ffe5f1c2f7227476e99e1863c8e53e6f822c8
checkpoints/checkpoints_mm_w8a8/mm_w8a8_epoch_2.pth,30684143,1778343534813795500,.pth,542f54058579b13ac047fb1ed7806838bb3650184ee9ab8e676e1d6d67df0b39
checkpoints/checkpoints_mm_w8a8/mm_w8a8_epoch_3.pth,30684143,1778346542043378400,.pth,12390d3406c5edfc79bd8414ad45c0c81a4cb27c40fc0b4d6d29b3fa6953a09a
checkpoints/checkpoints_mm_w8a8/mm_w8a8_epoch_4.pth,30684143,1778349525824238400,.pth,4bb23f6a6e4e5431390b514f4fd524d9ad95be95d1a0f8edbb6b041ac709e433
checkpoints/checkpoints_mm_w8a8/mm_w8a8_epoch_5.pth,30684143,1778352528163913800,.pth,b7e92bdbfe15af4da4379a618efae14166d5831dae76f42a1119f52ec44141eb
checkpoints/checkpoints_mm_w8a8/mm_w8a8_epoch_6.pth,30684143,1778355540694793900,.pth,918e80bf9feae21765797c247bb1ff9a4896d6b5cede01864a9e174c3e9b7e4d
checkpoints/checkpoints_mm_w8a8/mm_w8a8_epoch_7.pth,30684143,1778358522146225700,.pth,c4edcdc034e4409f6273571a2105e9ce3b1fa2b37d96a06caeaf536d5a9ef120
checkpoints/checkpoints_mm_w8a8/mm_w8a8_epoch_8.pth,30684143,1778361527877812100,.pth,48b1e5fa15df7c5dc25a7ad5d8e5bcb910235eecab2cc19d70b073f99c93bab1
checkpoints/checkpoints_mm_w8a8/mm_w8a8_epoch_9.pth,30684143,1778364513572482800,.pth,9308e2955306434d72d0b17631659ba02d6eef8c7ec2d465bee21766b5d3de0f
checkpoints/checkpoints_w4a16/qat_w4a16_epoch_1.pth,31310011,1777720814187898800,.pth,1093f85d0d76b043dbcb7fe302bc379a643d7b5d2db647f6320a86f06bb16584
checkpoints/checkpoints_w4a16/qat_w4a16_epoch_10.pth,93945793,1777745071374387500,.pth,040cd73713a9f2bddfc796e58c099a674c27a60e3683b8d4a43c8270a9507baa
checkpoints/checkpoints_w4a16/qat_w4a16_epoch_11.pth,93947521,1777761534316922900,.pth,5cce42d705363b01b3377004ff2233d4c56b468ed673574ece2a719731f03522
checkpoints/checkpoints_w4a16/qat_w4a16_epoch_12.pth,93947521,1777764130183979400,.pth,dcbd81b5ac3a1ba09062d7cfa62a2aa5f4b613699a8457422b875a5be0e21159
checkpoints/checkpoints_w4a16/qat_w4a16_epoch_13.pth,93947521,1777766726406882500,.pth,86e0150d6578cd439b96bbe8394d3f0ad6d0d23f289a2c96c0dcbe28ac6d9b23
checkpoints/checkpoints_w4a16/qat_w4a16_epoch_14.pth,93947521,1777769312027497700,.pth,dc4b31cb1b1bb9c7498277c6e5d49a68fb9937e8a8881424f3d7deef684b8c87
checkpoints/checkpoints_w4a16/qat_w4a16_epoch_15.pth,93947521,1777771892572064700,.pth,5358f3ab442478d9836f5e081cc68ef7a63641e32db2bf294d2deff574798bf5
checkpoints/checkpoints_w4a16/qat_w4a16_epoch_16.pth,93947521,1777774472815279400,.pth,784fd1693730b4666109889178c1fdd259b853b50e0d9f9faad3d6ebbcee2559
checkpoints/checkpoints_w4a16/qat_w4a16_epoch_17.pth,93947521,1777777058437564200,.pth,61560ee8b3373243d3d1d464554ff522b6b0707ba302b9fcef77347f0f256951
checkpoints/checkpoints_w4a16/qat_w4a16_epoch_18.pth,93947521,1777899380925273200,.pth,a5a842a2e06bdb13d78614e3eabe2dcc79f4c476307ca7529c4661180e3d67d7
checkpoints/checkpoints_w4a16/qat_w4a16_epoch_19.pth,93947521,1777901966564720100,.pth,25ffece9e707a21f8deee8492f576f84d912eb52566d63a7ab00bee3bbed0657
checkpoints/checkpoints_w4a16/qat_w4a16_epoch_2.pth,31310011,1777723353602713600,.pth,b983c61766faf23a80868d77bbefd0df2050db0405cfbcbf6b4db6be4eedcaf8
checkpoints/checkpoints_w4a16/qat_w4a16_epoch_20.pth,93947521,1777904563297076700,.pth,3e5c6821c22885f07673b0378160a08ab93351789804d7a25580d5c627d2155a
checkpoints/checkpoints_w4a16/qat_w4a16_epoch_21.pth,93947521,1777907192118853100,.pth,0e9dff186293a7056c7e29225f35d956b32abd3e67346dd46f142934ace8131e
checkpoints/checkpoints_w4a16/qat_w4a16_epoch_22.pth,93947521,1777909853143558600,.pth,6180f44f0ebee8dd0ef8c22217f0adcb6ab9aa7d94673c8684a1ad3d91486ca2
checkpoints/checkpoints_w4a16/qat_w4a16_epoch_23.pth,93947521,1777912481950932500,.pth,2917638d5f5173400ec99de869d3fb3d782fe6d5a537352333bd7a472a56c27d
checkpoints/checkpoints_w4a16/qat_w4a16_epoch_24.pth,93947521,1777915089518751400,.pth,7e257da7787b1c28fac0249477350917bb6189ca422e5e256ba1271ab935cb8d
checkpoints/checkpoints_w4a16/qat_w4a16_epoch_25.pth,93947521,1777917693696437900,.pth,7535173fb3064074fee50c688e2754c8d351d50d07d4717eeb285b95bc9eb76b
checkpoints/checkpoints_w4a16/qat_w4a16_epoch_26.pth,93947521,1777920275970806300,.pth,8943bd57c82062c34d2b1e7afecb26dd15000c5f5b4358af883d6343fff8fa09
checkpoints/checkpoints_w4a16/qat_w4a16_epoch_27.pth,93947521,1777922857741946400,.pth,5c0439492013682333089fc4e3480cfa30ca46078c2c0b3d474d22ca295995a8
checkpoints/checkpoints_w4a16/qat_w4a16_epoch_28.pth,93947521,1777925439824682200,.pth,2ece94672c5a7d1faa3371282df1e50e97ac357f6b6e7528b0b5892fa829b290
checkpoints/checkpoints_w4a16/qat_w4a16_epoch_29.pth,93947521,1777928023430127600,.pth,39f075f1134e498d7d2ff17437b440586bcaaf2c76b95748ec8ec0977b6ffa6d
checkpoints/checkpoints_w4a16/qat_w4a16_epoch_3.pth,31310011,1777725891434336800,.pth,59b370ae51b8c86b3886263cddd237af20750b7d7937cb008ff295f0a59c994f
checkpoints/checkpoints_w4a16/qat_w4a16_epoch_30.pth,93947521,1777930605903575100,.pth,454e2f006da30d7b2a520ba980536530b77c135bf1e0e267369fe389fdd40ada
checkpoints/checkpoints_w4a16/qat_w4a16_epoch_4.pth,31310011,1777728431522123500,.pth,d264ef8e115ac9afe886284c23bc0d2bdbd78bb3c2f3438680a83a69c9e802b6
checkpoints/checkpoints_w4a16/qat_w4a16_epoch_5.pth,31310011,1777731039771270600,.pth,08be7c07fe18bafe9aed614b9e5c8435690a655d3d0b4fc9d735e986b0eaa2df
checkpoints/checkpoints_w4a16/qat_w4a16_epoch_6.pth,93945147,1777735112028162000,.pth,89651cd042c7cb22f38fd6b8c91b9063318a4d9c14a645470acdcb9d7076d3e6
checkpoints/checkpoints_w4a16/qat_w4a16_epoch_7.pth,93945147,1777737609691252600,.pth,9c5d6d235c61b0fe449171e66e67010c3770de828506daf116ea521acf88c9b8
checkpoints/checkpoints_w4a16/qat_w4a16_epoch_8.pth,93945147,1777740100276191800,.pth,18c382337274ebae17d944d6a9ce74a565cc468bad73b6f22485e1071f170c71
checkpoints/checkpoints_w4a16/qat_w4a16_epoch_9.pth,93945147,1777742585795129200,.pth,1347084b96aa09036b894d157811739a76a3f371f419f5bb6d14b46a3b36cce4
checkpoints/vlm_projection/projection_head_epoch_1.pth,1314917,1778508326104741300,.pth,31c7a46739410ebd7e071d7e4796be8de9852cc85272d9e18a5f3c4ce3f4a3e3
checkpoints/vlm_projection/projection_head_epoch_10.pth,1314925,1778492950116377800,.pth,3a6b779b3f16919012a06c4b504f845326784b4058748d9dabaf5ac7d9d1859e
checkpoints/vlm_projection/projection_head_epoch_11.pth,1314925,1778484187973645400,.pth,877c5245026c5629619adb7b4a9209111db08271f4373f544525ede460802ca2
checkpoints/vlm_projection/projection_head_epoch_12.pth,1314925,1778484321262843100,.pth,7b5e6cc75cd4a1d9e78f5d40cbea3a122b42b7cee2f3b910109c17f3c045c802
checkpoints/vlm_projection/projection_head_epoch_13.pth,1314925,1778484452990107900,.pth,45acebbf05f5ee094412bd5f1bec16be65a9a9775107681dde519c2955d95d27
checkpoints/vlm_projection/projection_head_epoch_14.pth,1314925,1778484588859030400,.pth,95a24291edd2a1ddd937ca1cc06a2262aa17e3f64793f3aec964b744d786db02
checkpoints/vlm_projection/projection_head_epoch_15.pth,1314925,1778484732952242700,.pth,d81f48835a37970ee11a81ed43fb768d842ca290fc00d530fc336d7e74fc0856
checkpoints/vlm_projection/projection_head_epoch_16.pth,1314925,1778484879192797700,.pth,a29d928834ff115126309e0f90e89e58554381cf1792be9228565438c27197e5
checkpoints/vlm_projection/projection_head_epoch_17.pth,1314925,1778485011390372500,.pth,c6e893394db13a37916f1d41fd43772f418ccbc91c7003002d0cbc17266a08f7
checkpoints/vlm_projection/projection_head_epoch_18.pth,1314925,1778485144047701800,.pth,7439d9848d72f3380d6a8a89095c7731b8b14a5d26a8ddbb6990defac63c3b0e
checkpoints/vlm_projection/projection_head_epoch_19.pth,1314925,1778485276018992800,.pth,0afdff6bfc2d05b3d3b4c79006fa74dc339e3d748c2b09068cc2c10db4bbcafb
checkpoints/vlm_projection/projection_head_epoch_2.pth,1314917,1778515510913849500,.pth,3b7f9853edbfa2bff9c56dd1d0dbef9a8ffa3ea2a9e15b30a6c560eef760be29
checkpoints/vlm_projection/projection_head_epoch_20.pth,1314925,1778485411466327200,.pth,dfa522a188867486739b5f67e27651ae90b98ccdf946101065f78fdd6f712bd4
checkpoints/vlm_projection/projection_head_epoch_3.pth,1314917,1778523103959352400,.pth,328a6956f6d034473e1ecb4d0a59351ebfdb617227d52d0e8faca8a9e81121ae
checkpoints/vlm_projection/projection_head_epoch_4.pth,1314917,1778551103258433000,.pth,4cd951aa8171cc35c38ad757b5e24e3f949d28d399766e8c480345e0329295e9
checkpoints/vlm_projection/projection_head_epoch_5.pth,1314917,1778492818549110300,.pth,812eeed597c863e31f7f76f31a63a505ad4bdbea6a777c047857152f9bd93ba6
checkpoints/vlm_projection/projection_head_epoch_6.pth,1314917,1778492845426297900,.pth,c2a69ca22f7e345a5b577c3e8bb2f7a53fb1ddb57dcc966d33429486b3ecd8dd
checkpoints/vlm_projection/projection_head_epoch_7.pth,1314917,1778492871655162700,.pth,38ed7155897145d7a8882290d638db2515b6a05b98c184a3d6695c582078cc7f
checkpoints/vlm_projection/projection_head_epoch_8.pth,1314917,1778492897914748800,.pth,89a06f6839f56099c0d287c11e6aba06829cad7e838414d263801242caa23be8
checkpoints/vlm_projection/projection_head_epoch_9.pth,1314917,1778492923998983800,.pth,ca9d5591b07e0947cd975cab0d944c0283d9d390ec4f6d79e021294eb3a7621b
assets/mm_1bit_custom_progress.png,218778,1778409109125633500,.png,5934956e005c79998bab00c3ac1301502f104c453141e23d2bd630877a2b5027
assets/mm_1bit_kd_progress.png,204186,1778409107404221500,.png,e8df350467dc1883c0326b16546bdb61966a13dc68e0ad9ae6bc7b6e4aaaf2a3
assets/mm_all_progress.png,203615,1778988073460897600,.png,74ea2dfe303599a0ed620b78cfa7e18698c8062d132bbd0bbba49cecc801b134
assets/mm_combined_metrics_comparison.png,342856,1778409553420791900,.png,6abb9380139bd6f76e8d5f6864fec6e1c9193e9bdb5135177691bd5034c17d5c
assets/mm_cosine_sim_comparison.png,54851,1778408730477536600,.png,df79f306724e026c882fdb69ff321c08862aeb793bfb5d8d20a09bc1b6c793c2
assets/mm_final_pareto.png,241878,1778988073772058100,.png,2401655835cd25b58d9d7aa54515d7855ed3f25a0b99abd8090ae096ed6e1aca
assets/mm_fp16_progress.png,235177,1778409107817785000,.png,29973e8ab8494062e7e736d8b86b7bf532bdd2dd411e7efba7b05b9a98e3c5ff
assets/mm_latency_comparison.png,152546,1778988073949114100,.png,1194f51369c000928bf90ee5cd63cb013c170df02b07b0b6d0eb26e89006adbe
assets/mm_w4a16_progress.png,219302,1778409108696010500,.png,5adfd47c56a0090a9eddbe04749d45ab7e69f59101f88bb26fbfd2fa1e99f20d
assets/mm_w8a8_progress.png,214178,1778409108253905700,.png,663b44d7da27144db32f8ecf906e05a291fb62252507425d17862ae8c42f6efa
assets/pareto_frontier.png,157581,1780077623312721400,.png,3fd16048b3c09aa0c3e223683ce7abd0bc9fcd5d1dc38c7fd7736b371fc644ad
assets/pareto_frontier_v2.png,157581,1780077623312721400,.png,3fd16048b3c09aa0c3e223683ce7abd0bc9fcd5d1dc38c7fd7736b371fc644ad
assets/retrieval_a_bowl_of_fresh_fruit.png,437086,1778162866798312800,.png,1e084f85f36d5f7eacbb510f3132c0cee698407565b1b29dbc7447fb2f9996a4
assets/retrieval_a_lighthouse_by_the_sea.png,393395,1778162878738035400,.png,2d6f0ec3348d7d33a8abfa7e8350f644133f4e695c5f772c6dabe72ef512b072
assets/retrieval_a_photo_of_a_golden_retriever.png,387922,1778162834838964700,.png,be5d0583e520d70e1f7e7827df2ee73e25ae1f2461ec19125cee6f74308fbb92
assets/retrieval_a_red_sports_car.png,430668,1778162856091760200,.png,1db14e7cc1d7d03408cc7694cb271320faf9b6c77bf3154ab1f0972fbfc69de4
assets/sensitivity_absolute_performance.png,60828,1780076942565289900,.png,831dc8da4f6e0c6916f0d23c989620c6386082e8586e784954447cea8517c8d8
assets/sensitivity_bottleneck_summary.png,73575,1780076942753302700,.png,9d5a30e9c8447187c2884ff41c4293bfba8345834b0226822d5c1338fb8beab6
assets/sensitivity_relative_change.png,66704,1780076942624302200,.png,95584c3ff49cf6d464b3b7d6a7147c3ec5d9cd0339ea93fecc5c22e6840418df
assets/sensitivity_sensitivity_heatmap.png,55152,1780076942681302800,.png,fc3e53b577760eb70681f84fb82b2c1efb10b024bf24877f639c1f3a9d05e153
assets/v2/compression_ratio.png,67852,1780119825187027500,.png,faeac1d2828236cac88affbeef05ec20d1447df42a8024667c6152eea927026f
assets/v2/confusion_matrix.png,122844,1780032108931862700,.png,d81404df47e0ecca2588891e52774cba13da6d9a67f49f909f37b1f59abd1f10
assets/v2/detection_f1_curve.png,137372,1780032108554994000,.png,6bb4e821a36d5a5895d061b3be2028052f70de7e52cab54147e4fe5dd6a68116
assets/v2/detection_pr_curve.png,149040,1780032108434449100,.png,3fe7379b6a51c9b9f4246ce63836c3a72252c4499ff06f2740c5c3e8a8e7b03b
assets/v2/detection_samples.png,1382813,1780119827180913000,.png,3b1b6025e0f6018077265eb1c6af445527fd4eed73f19975b644b03e4119cdc4
assets/v2/experiment_comparison.png,110578,1780119825108425000,.png,19fc3a2c639c06a6dc52be04bedd7d0034225f87aea1ca78477d5722f54e6c63
assets/v2/fps_comparison.png,75128,1780119825299675500,.png,5f8577ce5f9493c065df71e2e65d4056be1edd9a5b2072f1c24a80fc650b0c0d
assets/v2/training_curves.png,252610,1780032109756868100,.png,b2e7785d7f0d99448c18dd51a3d20c32e74844ed6ac0fbfb954e1ed7c4aa072b
assets/v2/val_groundtruth_sample.jpg,384544,1780032080467379700,.jpg,6ed22c08c1504fce4ce9b8d30eeeaeadd439ff14744df54d5fa3b4f61e6aec58
assets/v2/val_predictions_sample.jpg,381638,1780032080471386600,.jpg,e5130c7ffe3a6b8590fd8dd2dc297a8caaf794bcf4df3173621c563ee3753c2b
assets/v3/quant_collapse_analysis.png,90838,1780730510288011900,.png,d9b1f15fbb00ab7ebac4e408aa115a0077ce3609e1bbe781c965dca4a2dab632
assets/v3/v3_confusion_matrix.png,118469,1780799807498973000,.png,c59f9173dc82afced5f14a78b7f90cd49fdb27fb0a60d7856ef579fa5fe82dad
assets/v3/v3_detection_f1_curve.png,140641,1780799807477971400,.png,d783d2f554ce8e3be4ae350fb9e23c5cf2c66ddf9403f6be9aced121c0dfdcf9
assets/v3/v3_detection_pr_curve.png,131406,1780799807455972300,.png,6d9580481890f091b2d0367e44c72aa58014d0a867041ac4fde53190a0e90718
assets/v3/v3_detection_sample.jpg,267696,1780157934785500800,.jpg,54855e626c621cd48d919f6cf59b14dcedbadd224772f6e44b081211ce545f82
assets/v3/v3_training_curves.png,259625,1780799807435471000,.png,70bd267f0630bb8ecbf440515516bc9ad9d1136f60bb9f426899ac16b49389b3
